Title,Price,Rate,Img_Url
"[Sponsored]ANKOVO Thermometer For Fever Digital Medical Infrared Forehead and Ear Thermometer for Baby,Kids and Adults with Fever Indicator CE and FDA Approved","29,99",https://images-na.ssl-images-amazon.com/images/I/41LnOaiZlFL._AC_US200_.jpg,4.4 out of 5 stars
"[Sponsored]Aquaphor Baby Healing Ointment Advanced Therapy Skin Protectant, 14 Ounce","11,39",https://images-na.ssl-images-amazon.com/images/I/51pnr5m4MNL._AC_US200_.jpg,4.7 out of 5 stars
[Sponsored]Baby Einstein Take Along Tunes Musical Toy,"8,99",https://images-na.ssl-images-amazon.com/images/I/51vNwXtcuAL._AC_US200_.jpg,4.7 out of 5 stars
"Amazon Elements Baby Wipes, Sensitive, 480 Count, Flip-Top Packs",No Price,https://images-na.ssl-images-amazon.com/images/I/51lHJg2Yg-L._AC_US200_.jpg,4.4 out of 5 stars
"HUGGIES Natural Care Unscented Baby Wipes, Sensitive, 3 Refill Packs, 648 Count...","13,96",https://images-na.ssl-images-amazon.com/images/I/51lbtYuPvhL._AC_US200_.jpg,4.5 out of 5 stars
"Hudson Baby Animal Plush Bathrobe, Pretty Elephant, 0-9 Months","10,99",https://images-na.ssl-images-amazon.com/images/I/51+opUuQLyL._AC_US200_.jpg,4.6 out of 5 stars
"Pampers Sensitive Water Baby Wipes 9X Refill Packs, 576 Count (Pack May Vary)",No Price,https://images-na.ssl-images-amazon.com/images/I/51tqaNePSfL._AC_US200_.jpg,4.5 out of 5 stars
Infantino Flip 4-in-1 Convertible Carrier,"29,99",https://images-na.ssl-images-amazon.com/images/I/51Fo-wDkh2L._AC_US200_.jpg,4.4 out of 5 stars
"Amazon Elements Baby Wipes, Sensitive, 480 Count, Flip-Top Packs","11,59",https://images-na.ssl-images-amazon.com/images/I/51lHJg2Yg-L._AC_US200_.jpg,4.4 out of 5 stars
"Free Swimming Baby Baby Inflatable Swimming Float Ring Children Waist Float Ring Inflatable Floats Pool Toys Swimming Pool Accessories for the Age of 6-30month(Blue, L)","18,99",https://images-na.ssl-images-amazon.com/images/I/51VcXEKtjnL._AC_US200_.jpg,3.6 out of 5 stars
"Pampers Swaddlers Disposable Diapers Size 4, 164 Count, ONE MONTH SUPPLY","52,68",https://images-na.ssl-images-amazon.com/images/I/51pgxNnLNwL._AC_US200_.jpg,4.3 out of 5 stars
"WaterWipes Sensitive Baby Wipes, 9 Packs of 60 Count (540 Count)","32,94",https://images-na.ssl-images-amazon.com/images/I/31IizkkTzJL._AC_US200_.jpg,4.4 out of 5 stars
"Baby Banana Brush, Original Sharky","8,03",https://images-na.ssl-images-amazon.com/images/I/41oay-QHOKL._AC_US200_.jpg,4.7 out of 5 stars
"RXBAR Whole Food Protein Bar, Chocolate Sea Salt, 1.83oz Bars, 12 Count","21,18",https://images-na.ssl-images-amazon.com/images/I/41jtZ8xVwnL._AC_US200_.jpg,4.1 out of 5 stars
Babies For Babies (No Dialogue),"2,99","https://images-na.ssl-images-amazon.com/images/I/51YeZT2U8kL._PI_PJPrime-Sash-Extra-Large-2017,TopLeft,0,0_AC_US200_.jpg",4.4 out of 5 stars
"Luvs Ultra Leakguards Disposable Diapers Size 5, 140 Count, ONE MONTH SUPPLY","26,98",https://images-na.ssl-images-amazon.com/images/I/51NovaIk98L._AC_US200_.jpg,4.2 out of 5 stars
"HUGGIES LITTLE MOVERS Diapers, Size 4 (22-37 lb.), 152 Ct, ECONOMY PLUS (Packaging May Vary), Baby Diapers for Active Babies","36,17",https://images-na.ssl-images-amazon.com/images/I/41PXhZ1HmCL._AC_US200_.jpg,3.9 out of 5 stars
"Baby Bandana Drool Bibs 6-Pack and Teething toys 6-Pack Made with 100% Organic Cotton, Super Absorbent and Soft Unisex (Vuminbox ) ( 6 PCS )","14,98",https://images-na.ssl-images-amazon.com/images/I/516EMNpbq0L._AC_US200_.jpg,4.6 out of 5 stars
[Sponsored]Baby Einstein Rollar Pillar Activity Balls,"10,99",https://images-na.ssl-images-amazon.com/images/I/41LAjdJiieL._AC_US200_.jpg,4.2 out of 5 stars
[Sponsored]Baby & Mom Back Seat Baby Mirror - Rear View Baby Car Seat Mirror by Wide Convex Shatterproof Glass and Fully Assembled - Crash Tested and Certified for Safety,"14,99",https://images-na.ssl-images-amazon.com/images/I/51uHjq089zL._AC_US200_.jpg,4.4 out of 5 stars
[Sponsored]Magic Bullet Baby Bullet Baby Care System,"48,11",https://images-na.ssl-images-amazon.com/images/I/41q0Ccmzf8L._AC_US200_.jpg,4.1 out of 5 stars
"GoodNites Bedtime Bedwetting Underwear for Boys, S-M, 44 Ct. (Packaging May...","24,99",https://images-na.ssl-images-amazon.com/images/I/51HZr0l6A4L._AC_US200_.jpg,4.4 out of 5 stars
Baby Signs: A Baby-Sized Introduction to Speaking with Sign Language,No Price,https://images-na.ssl-images-amazon.com/images/I/51ji-jeEBsL._AC_US200_.jpg,4.2 out of 5 stars
"Lansinoh Breastmilk Storage Bags, 100 Count convenient milk storage bags for...","13,25",https://images-na.ssl-images-amazon.com/images/I/51vSUijc8OL._AC_US200_.jpg,3.9 out of 5 stars
Nuby Ice Gel Teether Keys,"3,88",https://images-na.ssl-images-amazon.com/images/I/41RGrXACv8L._AC_US200_.jpg,4.3 out of 5 stars
"HUGGIES Snug & Dry Diapers, Size 4, 192 Count (Packaging May Vary)","32,99",https://images-na.ssl-images-amazon.com/images/I/51ryvyo+-QL._AC_US200_.jpg,3.4 out of 5 stars
"Fisher-Price On-the-Go Baby Dome, Windmill","58,99",https://images-na.ssl-images-amazon.com/images/I/51NwtZOjJiL._AC_US200_.jpg,4.7 out of 5 stars
"Aquaphor Baby Healing Ointment Advanced Therapy Skin Protectant, 14 Ounce","11,39",https://images-na.ssl-images-amazon.com/images/I/51pnr5m4MNL._AC_US200_.jpg,4.7 out of 5 stars
"Dreft Stage 1: Newborn Hypoallergenic Liquid Baby Laundry Detergent (HE), 50 Ounces (32 Loads), 2 Count","19,98",https://images-na.ssl-images-amazon.com/images/I/514g94+3osL._AC_US200_.jpg,4.3 out of 5 stars
"Boppy Newborn Hello Baby Lounger, Black and Gold","29,99",https://images-na.ssl-images-amazon.com/images/I/51LcJmfXs7L._AC_US200_.jpg,4.8 out of 5 stars